{
  "navigationBarTitleText": "商品详情",
  "usingComponents": {
    "detail-banner": "/pages/goods/components/detail-banner",
    "detail-basic-information": "/pages/goods/components/detail-basic-information",
    "detail-parameter": "/pages/goods/components/detail-parameter",
    "detail-evaluation": "/pages/goods/components/detail-evaluation",
    "detail-rich": "/pages/goods/components/detail-rich",
    "detail-bottom-button": "/pages/goods/components/detail-bottom-button",
    "detail-skeleton": "/pages/goods/components/detail-skeleton",
    "he-products-featured": "/components/he-products-featured",
    "he-cart": "/components/he-cart",
    "he-no-content-yet": "/components/he-no-content-yet"
  }
}